filename,label,item_id
N_001_0.jpg,0,
N_002_0.jpg,0,
N_003_0.jpg,0,
N_004_0.jpg,0,
N_005_0.jpg,0,
N_006_0.jpg,0,
N_007_0.jpg,0,
N_008_0.jpg,0,
N_009_0.jpg,0,
N_010_0.jpg,0,
N_011_0.jpg,0,
N_012_0.jpg,0,
N_013_0.jpg,0,
N_014_0.jpg,0,
N_015_0.jpg,0,
N_016_0.jpg,0,
N_017_0.jpg,0,
N_018_0.jpg,0,
N_019_0.jpg,0,
N_020_0.jpg,0,
N_021_0.jpg,0,
N_022_0.jpg,0,
N_023_0.jpg,0,
N_024_0.jpg,0,
N_025_0.jpg,0,
N_026_0.jpg,0,
N_027_0.jpg,0,
N_028_0.jpg,0,
N_029_0.jpg,0,
N_030_0.jpg,0,
N_031_0.jpg,0,
N_032_0.jpg,0,
N_033_0.jpg,0,
N_034_0.jpg,0,
N_035_0.jpg,0,
N_036_0.jpg,0,
N_037_0.jpg,0,
N_038_0.jpg,0,
N_039_0.jpg,0,
N_040_0.jpg,0,
N_041_0.jpg,0,
N_042_0.jpg,0,
N_043_0.jpg,0,
N_044_0.jpg,0,
N_045_0.jpg,0,
N_046_0.jpg,0,
N_047_1.jpg,1,
N_048_1.jpg,1,
N_049_1.jpg,1,
N_050_1.jpg,1,
N_051_1.jpg,1,
N_052_1.jpg,1,
N_053_1.jpg,1,
N_054_1.jpg,1,
N_055_1.jpg,1,
N_056_1.jpg,1,
N_057_1.jpg,1,
N_058_1.jpg,1,
N_059_1.jpg,1,
N_060_1.jpg,1,
N_061_1.jpg,1,
N_062_1.jpg,1,
N_063_1.jpg,1,
N_064_1.jpg,1,
N_065_0.jpg,0,
N_066_0.jpg,0,
N_067_0.jpg,0,
N_068_0.jpg,0,
N_069_0.jpg,0,
N_070_0.jpg,0,
N_071_0.jpg,0,
N_072_0.jpg,0,
N_073_0.jpg,0,
N_074_0.jpg,0,
N_075_0.jpg,0,
N_076_0.jpg,0,
N_077_0.jpg,0,
N_078_0.jpg,0,
N_079_0.jpg,0,
N_080_0.jpg,0,
N_081_0.jpg,0,
N_082_0.jpg,0,
N_083_0.jpg,0,
N_084_0.jpg,0,
N_085_0.jpg,0,
N_086_0.jpg,0,
N_087_0.jpg,0,
N_088_0.jpg,0,
N_089_0.jpg,0,
N_090_0.jpg,0,
N_091_0.jpg,0,
N_092_0.jpg,0,
N_093_0.jpg,0,
N_094_0.jpg,0,
N_095_0.jpg,0,
N_096_0.jpg,0,
N_097_0.jpg,0,
N_098_0.jpg,0,
N_099_0.jpg,0,
N_100_0.jpg,0,
N_101_0.jpg,0,
N_102_0.jpg,0,
N_103_0.jpg,0,
N_104_0.jpg,0,
N_105_1.jpg,1,
N_106_1.jpg,1,
N_107_1.jpg,1,
N_108_1.jpg,1,
N_109_1.jpg,1,
N_110_1.jpg,1,
N_111_1.jpg,1,
N_112_1.jpg,1,
N_113_1.jpg,1,
N_114_1.jpg,1,
N_115_1.jpg,1,
N_116_1.jpg,1,
N_117_1.jpg,1,
N_118_1.jpg,1,
N_119_1.jpg,1,
N_120_1.jpg,1,
N_121_1.jpg,1,
N_122_1.jpg,1,
N_123_1.jpg,1,
N_124_1.jpg,1,
N_125_1.jpg,1,
N_126_1.jpg,1,
N_127_1.jpg,1,
N_128_1.jpg,1,
N_129_1.jpg,1,
N_130_1.jpg,1,
N_131_1.jpg,1,
N_132_1.jpg,1,
N_133_1.jpg,1,
N_134_1.jpg,1,
N_135_1.jpg,1,
N_136_1.jpg,1,
N_137_1.jpg,1,
N_138_1.jpg,1,
N_139_1.jpg,1,
N_140_1.jpg,1,
N_141_1.jpg,1,
N_142_1.jpg,1,
N_143_1.jpg,1,
N_144_1.jpg,1,
N_145_0.jpg,0,
N_146_0.jpg,0,
N_147_0.jpg,0,
N_148_0.jpg,0,
N_149_0.jpg,0,
N_150_0.jpg,0,
N_151_0.jpg,0,
N_152_0.jpg,0,
N_153_0.jpg,0,
N_154_0.jpg,0,
N_155_0.jpg,0,
N_156_0.jpg,0,
N_157_0.jpg,0,
N_158_0.jpg,0,
N_159_0.jpg,0,
N_160_0.jpg,0,
N_161_0.jpg,0,
N_162_0.jpg,0,
N_163_0.jpg,0,
N_164_0.jpg,0,
N_165_0.jpg,0,
N_166_0.jpg,0,
N_167_0.jpg,0,
N_168_0.jpg,0,
N_169_0.jpg,0,
N_170_0.jpg,0,
N_171_0.jpg,0,
N_172_0.jpg,0,
N_173_0.jpg,0,
N_174_0.jpg,0,
N_175_0.jpg,0,
N_176_0.jpg,0,
N_177_0.jpg,0,
N_178_0.jpg,0,
N_179_0.jpg,0,
N_180_0.jpg,0,
N_181_0.jpg,0,
N_182_0.jpg,0,
N_183_0.jpg,0,
N_184_0.jpg,0,
N_185_0.jpg,0,
N_186_1.jpg,1,
N_187_1.jpg,1,
N_188_1.jpg,1,
N_189_1.jpg,1,
N_190_1.jpg,1,
N_191_1.jpg,1,
N_192_1.jpg,1,
N_193_1.jpg,1,
N_194_1.jpg,1,
